Description,SHA256
Exectable,00d015edbfb34e16b5b4086d25174ae435ca86d8cd267e0ed9b32db7d1d8ae2f
Exectable,046a416f4a41da0874c49c2f279ecc5d27f196e8a9086f9f250830c570113905
Exectable,064b5a8a6527e9b7b857c78417c9701ccab7f6fd0cfcc367aa73a98a91e1f6a2
Exectable,069d993c71e2c78fd73fdef9ce4ced7fe0ce1b49f458a3ec3fae53208d382f3c
Exectable,0832b9544b38aeb0e7731cfc3a676365224472a62d3628a0dfb838d3e5202e1c
Exectable,08542ea965f7ac97c90635444860c5d35a8e8e81c7edf3ddbf6c1736a8c61b63
Exectable,0ae199c13e033f6e63a388151e33c00ec374e1716a40e4bc1769b9ca559852ca
Exectable,0aebc3c9dd12779c489012bf45a19310576ec0e767ac67d1c455839302465afa
Exectable,0e375ab01a08cd6827ce399f43cbf35b3495eb4ae45fdbad18b812513b68af94
Exectable,12096093901347150ac72d6c9c1cbacf4de7d6a51ef1ab4cddc06f85311dd8ab
Exectable,139a7d6656feebe539b2cb94b0729602f6218f54fb5b7531b58cfe040f180548
Exectable,139f7532810e92346ff3b103064a26e460deb05005104cc30f9f4e2b3eab595e
Exectable,1501f261a66eefce47dc47cb8a426107c4b694a41b5b9fd000d0ad2ea76d8e34
Exectable,151271bf05310f94cd33cba3eb90be264edc4828c04e4e82f492b8e2576ee7a6
Exectable,17d153a225ea04a229862875795eeec0adb8c3e2769ba0e05073baaf86850467
Exectable,17ffd90d20cbd49c4e0d65a484eeae65a107d5bad9582afc51c4ead8bbc147e1
Exectable,1937098609fbbda1b470811a7ffe5fa044058655722d84bd029050d54f2b1496
Exectable,1e1653773e590ea0cfda3b5e772b1f03c9a08a3cd595061100e2f2c50a3053a5
Exectable,1f7b15f6cf07c5943ce8ab5bfd0700e4919808fca4260ffd2a509100d45fadaf
Exectable,200d374121201b711c98b5bb778ab8ca46d334e06f2fc820a2ea7e70c251095e
Exectable,207b3353fa8bcb64966ba9f126e62753a00d22ac3702f2bdd34ec658d6d6144c
Exectable,2181579e0125e8087a3269ee8a90a973307f67eceb7122fdc7463db6bc5050b5
Exectable,245f43b7d93d48e12db0082955712b7a229127fdd37e5b162007db85c463cca6
Exectable,2a55b2836ddb2eb3afe78e360d3e59de661877939f62a47fc9e72186fc9b69c9
Exectable,2a995ca24af128edbd324bd501c205e8f788e78a0febd23b4f9249e6eca1825c
Exectable,2ea781140f7e86c63b636249b5fdba9828661bdd846fd95c195c5b986b84a507
Exectable,30980f00bc1bcba4e2ea3e32ebd7feb759c87fa2593a6164bccddfcb26846933
Exectable,30d11e193a44c2a9807b073854de1370977ae7c3e99b0243f83d34b261eb2b9e
Exectable,32a72f3bc54b65651ec263c11e86738299d172043a9cdd146001780501c75078
Exectable,34ba7e6dd88471c7aec1612270abd57d445030906375722a78a9e73ce6097fdd
Exectable,34f01b17b678fc4babcef41731d708cb16bc33a284d87b8675605d0bafdeb20c
Exectable,36fa3f72afc2dd6f206a295fc618038fef5e241bc48bd5451ac9bab9128734dd
Exectable,39c70f85e6fe3000cd7383e324b705b6a709171e07daada3e2d56b2004d33b53
Exectable,3d96d4d5e89b643897cad61778f54f8741338a3f3f9acceab965c417b35a74bd
Exectable,41050ea37693db3f76887d9fbcc6b2eefd4357ab7f49e3cccf682b5af49a68bc
Exectable,4748e9729f2e0b1bb151950cdaa75d51ad74612a1c12ff124a492a9a67c2f49b
Exectable,4d3fb0e2d5ba3f2eecbb2ac62a0a73581c57a2be39246d861657f21fe2d2c6e6
Exectable,4e1317c219c4bf78403e8e8d78c694598996236f629b96c904ae02fa05764a10
Exectable,507f7b533834cd9445983a89766cb35c6f71857658d7f7b028d4ffbc941cfacc
Exectable,509c851e9914e818e1b925c9b60126b40b66b0b57fc3c7a3ecc46d28dcff5527
Exectable,51923ec74555541e3567f87bdc189934003b9d32403840cbc1ff5f8b2dd4df05
Exectable,51f7bcc2da2c7a0704f1f537c42279b0fa3d3a72808bc8938880de88b21945b9
Exectable,564d9dd23e81bb35ef2c6d8ff8976c9cd88a45291430b3758ed475e5d238c5c7
Exectable,58cffa69e8b4f26209da073a6b8cbb6ede9b2a3f7646d08c91b11df729a6b9aa
Exectable,5928db8b7b1714ead51392ad809242cd5a158defefe5309f3ae0238c20a500ab
Exectable,5c959580adf1fbdfea872ece4d29ee6a8319a88273a9923988ef8be4197833bd
Exectable,5cc16295598bdc30829a906f3187a60d3c52e7a939ecd2b4dbb4e810ebc281f5
Exectable,5fe8e804cc0e7d211019bf37dbb18e4a00af24be11cc9407fac6d648c01716fb
Exectable,61ea9401c86f28db49a766b180b1b43335da1aadb9e8cff5441670d05ee8a0b6
Exectable,6727edbb5d6abee908851a8c5fd7b4aca6d664634fdcdfc15e04502b960abbc5
Exectable,6cd6c3ab26dbc9e0725d4db991895f4b48ae3c6b3d3c67d98dadcac81c7cdc5c
Exectable,6d642157d0c3fbb0bf52c8920d5f06b40b907558645d53f8c18c48746d17bdd4
Exectable,6eb8e811ba663ffee249a3debc32646070d3662c34cc99a5f580c750c46c71ed
Exectable,6edef9c0343c53ef394251a1bf0a890bfc0c51aeb283d0a4a4b15c5294ef484d
Exectable,6efd9aae5e112418bd43ab48ec4a1fce191c7503fcd11fdb95e89ad0217adb7a
Exectable,6f286e8322e4799f8afe0f431dec82e955f193e68e81d1ec0a94f7597840317c
Exectable,7047df7a1efe3c1cecc26445b59ac74fd912c9e77ee01f74d653dd20d5edbd0d
Exectable,754c6c376b1e322e03fecaeac592971cc2a07f614d71529939a46046d1d87695
Exectable,794da0ca9dd97421afd80b3f9aaf6e25dcb969adc296825a439feac58a77025a
Exectable,7a512c1dca5da7cb27d59e002a3aaa42073bfec1af23ad8cf73f967617a2a9dc
Exectable,7bafd5de1b6724962ab920f71031978a101055f061ae3cc21db8bb9fa64c5829
Exectable,7d0a7b508d1ccc7ce49b234a25bff26c487a85ec7e81ddf6325e8e301516ceae
Exectable,7e959a5f638fa02c0c29d21e3076c987a5a9e1aaa6024c3a47167f1398387f44
Exectable,7ea8dd20165e86544214bd59b7afc09872aac6dacd41c5c1683c3cb86d88b9f4
Exectable,80bbe933cc68fd5837b0ba84f17b9f796918125c52321d3d504468e837239765
Exectable,834ceb76ddfe5549b0dd8e10891949e9fc4dc23b68517fce991d7efdc7ab8eb2
Exectable,84f909f2a044110a830148d98d47351342a2f1c9d5f75e6b8801ff34c9e9fa98
Exectable,85d76be0e7a1f112d8b7e221f5f95cf6a665338f96ceaea1fe495c7903ab4a61
Exectable,861bc212241bcac9f8095c8de1b180b398057cbb2d37c9220086ffaf24ba9e08
Exectable,8704b9baefe5060c0622b14a3930b8901a0cc5ce53f9395b1f2cc3efd7d5bd69
Exectable,87883ac1ef972338d4e632f4bca5ad222f21d95f77dfecace09f30feba37d173
Exectable,89d80016ff4c6600e8dd8cfad1fa6912af4d21c5457b4e9866d1796939b48dc4
Exectable,8ab99ac368b338310cb1e130d9971aedcdd3b79e5c7143e8b4b0a8ce894f9c78
Exectable,8b15999cff808e9477d25bf0f839ac7c93fa4e62710fb6ae29d33787f1a05f12
Exectable,8c8481c65f40fb55fcd8aa077f3d20702f366c365e276ab7c3fa03a98310a277
Exectable,90c9b6460c240177644d028458874167fedf7ca459381dde17d44446bb9ba501
Exectable,917f1feea1242d962205ba1827d036f55482e83ac4008a84c518479a3364d4e5
Exectable,938248b6428d12e57d4bcad2c36b369599b5eb7687f16c0998ca967d9c8e228c
Exectable,9539c6b525e9ea6f0d84979a7285cdba416bbc134c0d6985fdf5d86607b30383
Exectable,95f29f45c33d66b22e71b0fc0c1c03f7415f08b30dfc9bea0902c19d29a0b137
Exectable,963e31fef7c8db9e002c56ee30fd3cd4b240db466bc23687979e2f161ba5606e
Exectable,97612c95aa764cb2a4da61dd6c25192eb2dbc8d8d75d9d0fe57fa0101157e28f
Exectable,984e8a13d4ad8e1dca468337ecba4f221688ef6b96e9d1238e5c1bc92e4dc3b7
Exectable,9a995d6a6a6764632e7de12e48462b352c04d81d1cbf30920ffc55f9b0ad8794
Exectable,9e31d426701cf1e9ca72f71e88a3f50978ab2d67088e96f1c3b954df1e673bdf
Exectable,9fa3a004576f357b5174dd1c29ef7d13005d996d5f9fb4b86d6d978d1a4a84ae
Exectable,9fed4aec732e2b564f0e63f37893b3c00deab31580580eb3045541a05cae8766
Exectable,a1b4c2b6f0311b510119b8b7d5394cb63ee5a983588462c1e798eb9f3471687b
Exectable,a2715f4fe971766681c17ccd0e045f87f7b09d4d57adb99601078ea5c8bbf68a
Exectable,a2fbf151010d614ac772d2232e94faf278f2ad9f650197987a0e2a4df2cc892e
Exectable,a389e24bf0af9bc81b8133a600a2b6c875d32aa0885964d0b9f3ac6db5fee762
Exectable,a6c1dba2085634d0a104551cbdb41f6652dc8a7aba9a40be094e971e310f38a1
Exectable,a6e3d32365196d053a488d68d00adab68f4953956fdb1fe0cc5915a0c4848e14
Exectable,a88e2857a2f3922b44247316642f08ba8665185297e3cd958bbd22a83f380feb
Exectable,a8928d557eccde515b1acd7e326d073684690d4bd7538b6842f0f4c48120d984
Exectable,a8d1d6cf7e591719401df17979782244d70dbf59823c889f5329e1f2bcfca1e1
Exectable,ac3e29e3c35138e857bffbc8cf5f8414b71c5694e7e13abe59620d2bde408887
Exectable,add230a2e7aabf2ea909f641894d9febc6673cf23623a00ce3f47bc73ec9b310
Exectable,b202927e24727ac2677f9635dc7bcfab8e812b3f74f85d40f198642d182d671c
Exectable,b4436606c93ae464876a0e229342503cf754d9951d61d9e2e3fcbdf680fdffc4
Exectable,b6a2162e86dbf9d501555377a6262ba63f5d1ff87d47a284ba3e8a9d7ef26cc9
Exectable,b6e27e49d83f82f0feaa1b41d7b8906b9237e08968bb2cd5ae6f4f97b4c9f5c8
Exectable,bbca6188aac86332e90673e663f91f3097a63153835b4f9d058e90baf075012a
Exectable,bd4bcc8cb3e33c018a4d9037bf5cf9bd6f7ce0a5c4b862e94c098366004563d4
Exectable,c407c0db2f79f607dfdc5eb2f4f222491f96ea3540d8689c8ed6fba89a240757
Exectable,c6d72dbc8c2ca62471a786a4a00e771d8683a7c7429d2c67f059315cd6ad443d
Exectable,c73116292f7373e4271d58b48fbc64fa031c8c2c5da8745a64e86d4625ff54ac
Exectable,d011469083d12ad3d94925dbcf113136039a5b53d70e0f99ff04267a4bf80b6d
Exectable,d4e89180e559721e6bcd9c03549d540282c3774bdd6ae61a61d57a23c10fc299
Exectable,de0b6c17c7c921fc515bbdb7ed2fdc1f1069860cfe2b611c105201a916d0e87d
Exectable,e281347d6faf8fa17e9bcd79d0f815187506c89e8bca9ffae78170e31ff07438
Exectable,e5a9e0e9eaa33ce2ac37af1894986b5378267bd98148f2fdb762ef627dded3f5
Exectable,e630185053ee119ac973aa341c74fb1a9006b7f1a58e9f4c47efb1da9dd7bc0c
Exectable,e713e3f1e74df404568466e88dbfa1be33c917472830cdb54ce803dfa8ec3ff0
Exectable,e7ddb20095cd733efc10fba3ff1a8b3e83767cc900b5a976d4029456226612b0
Exectable,eb486e276b6fb580c58508d71d303b0535970ac243021eeede55bcd253f114cf
Exectable,f0c60f62ef9ffc044d0b4aeb8cc26b971236f24a2611cb1be09ff4845c3841bc
Exectable,f195fb77843e110ff91656c09d277563ee32c2d36388e556f25328bf0aac80be
Exectable,f1bc14943c240f59b8d3ad4d6e3ad5568f896f80e79697e690612c5602fa653d
Exectable,f92933369385d3e441642b60857a102b91738351630a10bb4194cb1ed65793b7
Exectable,fac5d96467b6b9725b412d3b78eb52e3fa71be748579896774df3f86be1fba4e
Exectable,fdddbbc09972a8da879209f8b45796b4343ffd8c74ae8e56bfe78aebc710777b
Exectable,ff61085ff157ef0a98ab65a5343e65637ee24e12cac3b418e45532fc2747f3e5